airfoil,wingspan,aspect_ratio,taper_ratio,flapping_period,air_speed,angle_of_attack,lift,induced_drag,status,error
naca2412,0.4,1.922295434244519,0.3651212396744644,0.7211175449216234,4.295399899219915,15.847201832308194,-0.5654520493397692,-0.055564526839765746,ok,
naca2412,0.4,1.3093020675300566,0.30565470484730606,0.7905038434595035,3.092847063089294,23.128536046480693,-0.4850967026083744,-0.08398503787703133,ok,
naca2412,0.4,2.1524597563771954,0.34987100468900784,0.7439597414937017,4.616296105586056,22.633015662264523,-0.8486658430515678,-0.11728161764734722,ok,
naca2412,0.4,2.2413771228790984,0.36449946188560856,0.8212672335434632,4.089903564115608,27.91154810124233,-0.7965529112841045,-0.13608888823639345,ok,
